subreddit,topic_id,comment_count,share_percent
Metal,1,2966,29.7
Metal,2,775,7.8
Metal,3,1961,19.6
Metal,4,1171,11.7
Metal,5,539,5.4
Metal,6,1231,12.3
Metal,7,1357,13.6
hiphopheads,1,1303,13.0
hiphopheads,2,2158,21.6
hiphopheads,3,1190,11.9
hiphopheads,4,1516,15.2
hiphopheads,5,1317,13.2
hiphopheads,6,1461,14.6
hiphopheads,7,1055,10.5
indieheads,1,919,9.2
indieheads,2,615,6.2
indieheads,3,1559,15.6
indieheads,4,2147,21.5
indieheads,5,1753,17.5
indieheads,6,2213,22.1
indieheads,7,794,7.9
popheads,1,2329,23.3
popheads,2,978,9.8
popheads,3,1265,12.7
popheads,4,841,8.4
popheads,5,2078,20.8
popheads,6,769,7.7
popheads,7,1740,17.4
