subreddit,topic_id,proposed_topic_name,top_words,weights
Metal,1,Temat 1 — do interpretacji ręcznej,"hear, first","0.5001, 0.4999"
Metal,2,Temat 2 — do interpretacji ręcznej,"hear, first","0.5, 0.5"
Metal,3,Temat 3 — do interpretacji ręcznej,"hear, first","0.5001, 0.4999"
Metal,4,Temat 4 — do interpretacji ręcznej,"first, hear","0.9769, 0.0231"
Metal,5,Temat 5 — do interpretacji ręcznej,"hear, first","0.9826, 0.0174"
Metal,6,Temat 6 — do interpretacji ręcznej,"first, hear","0.5134, 0.4866"
Metal,7,Temat 7 — do interpretacji ręcznej,"hear, first","0.5155, 0.4845"
hiphopheads,1,Temat 1 — do interpretacji ręcznej,"say, love, rap, black, sound, cole, ever, year, lmao, old","0.0564, 0.0415, 0.0281, 0.0271, 0.0264, 0.0229, 0.0192, 0.0164, 0.0156, 0.015"
hiphopheads,2,Temat 2 — do interpretacji ręcznej,"feel, great, well, someone, sound, wait, damn, see, everything, hit","0.0342, 0.0274, 0.0264, 0.0234, 0.0226, 0.0196, 0.0189, 0.0187, 0.0187, 0.0165"
hiphopheads,3,Temat 3 — do interpretacji ręcznej,"say, listen, release, hip, hop, anything, day, understand, white, woman","0.0444, 0.0251, 0.024, 0.0227, 0.0208, 0.0201, 0.0186, 0.0163, 0.0163, 0.0162"
hiphopheads,4,Temat 4 — do interpretacji ręcznej,"shit, fuck, dude, see, come, back, well, sound, guy, word","0.068, 0.0656, 0.0412, 0.0406, 0.0399, 0.0243, 0.0226, 0.0212, 0.0209, 0.0183"
hiphopheads,5,Temat 5 — do interpretacji ręcznej,"lol, man, pretty, first, mean, yeah, bro, fun, big, put","0.056, 0.0302, 0.03, 0.0274, 0.0241, 0.0233, 0.0211, 0.0186, 0.0184, 0.0181"
hiphopheads,6,Temat 6 — do interpretacji ręcznej,"feature, actually, look, drop, beat, last, believe, interview, anyone, right","0.0305, 0.0293, 0.0271, 0.027, 0.0265, 0.0248, 0.0234, 0.0227, 0.0222, 0.022"
hiphopheads,7,Temat 7 — do interpretacji ręcznej,"well, list, bad, give, say, hear, favorite, long, either, wanna","0.0249, 0.024, 0.0237, 0.0226, 0.0218, 0.0216, 0.0215, 0.021, 0.021, 0.021"
indieheads,1,Temat 1 — do interpretacji ręcznej,"love, see, find, though, listen, thing, never, probably, feel, give","0.1451, 0.085, 0.0565, 0.0528, 0.0501, 0.0496, 0.0442, 0.035, 0.0346, 0.034"
indieheads,2,Temat 2 — do interpretacji ręcznej,"review, yeah, great, indie, back, new, want, hear, perfect, love","0.1168, 0.0789, 0.0789, 0.0783, 0.06, 0.056, 0.0409, 0.0409, 0.0409, 0.0225"
indieheads,3,Temat 3 — do interpretacji ręcznej,"list, single, actually, fuck, bad, work, first, away, every, say","0.0814, 0.0796, 0.0655, 0.0654, 0.0652, 0.0498, 0.0498, 0.0498, 0.0496, 0.0495"
indieheads,4,Temat 4 — do interpretacji ręcznej,"year, lot, listen, great, well, last, bit, love, list, thank","0.1615, 0.1157, 0.095, 0.0568, 0.0396, 0.036, 0.0358, 0.0309, 0.0296, 0.0291"
indieheads,5,Temat 5 — do interpretacji ręcznej,"say, favorite, everyone, perfect, day, man, last, year, feel, glad","0.0816, 0.0812, 0.0811, 0.0497, 0.0497, 0.0496, 0.0496, 0.0496, 0.0496, 0.0496"
indieheads,6,Temat 6 — do interpretacji ręcznej,"fan, record, perfect, actually, yeah, man, fuck, need, thing, year","0.1742, 0.1444, 0.1171, 0.1146, 0.0429, 0.0426, 0.0426, 0.0426, 0.0425, 0.0059"
indieheads,7,Temat 7 — do interpretacji ręcznej,"pretty, love, guy, well, work, always, favorite, find, actually, probably","0.1145, 0.0944, 0.0819, 0.081, 0.0552, 0.0437, 0.0419, 0.0393, 0.0382, 0.0301"
popheads,1,Temat 1 — do interpretacji ręcznej,"come, day, bad, see, literally, world, back, drop, hate, stan","0.0358, 0.0343, 0.0289, 0.0282, 0.0251, 0.0249, 0.0245, 0.0201, 0.0199, 0.0195"
popheads,2,Temat 2 — do interpretacji ręcznej,"group, use, year, release, big, day, ago, hit, explain, work","0.0392, 0.0371, 0.0358, 0.033, 0.0293, 0.02, 0.0176, 0.0158, 0.0155, 0.0153"
popheads,3,Temat 3 — do interpretacji ręcznej,"well, first, pop, year, love, listen, favorite, hear, point, thing","0.0419, 0.0377, 0.0333, 0.0298, 0.0278, 0.023, 0.0214, 0.0212, 0.0159, 0.0143"
popheads,4,Temat 4 — do interpretacji ręcznej,"release, single, mean, feel, listen, first, come, right, year, anything","0.0523, 0.0417, 0.035, 0.0337, 0.0255, 0.0245, 0.0237, 0.0224, 0.0218, 0.0206"
popheads,5,Temat 5 — do interpretacji ręcznej,"line, show, love, remember, want, see, fan, start, taylor, everyone","0.0331, 0.0301, 0.0286, 0.0231, 0.0231, 0.0225, 0.0203, 0.0191, 0.0183, 0.0182"
popheads,6,Temat 6 — do interpretacji ręcznej,"sound, girl, say, listen, look, play, performance, someone, actually, try","0.0457, 0.0436, 0.041, 0.0333, 0.0286, 0.0273, 0.0247, 0.0245, 0.024, 0.0226"
popheads,7,Temat 7 — do interpretacji ręcznej,"say, want, work, pop, thing, feel, stuff, lyric, weird, voice","0.0726, 0.0332, 0.0285, 0.026, 0.0226, 0.0217, 0.0215, 0.0204, 0.02, 0.0177"
