subreddit,rank,term,tfidf_score
Metal,1,metal,0.0361
Metal,2,great,0.0188
Metal,3,love,0.0186
Metal,4,listen,0.0178
Metal,5,thank,0.0169
Metal,6,death,0.0155
Metal,7,see,0.0146
Metal,8,new,0.0135
Metal,9,black,0.0134
Metal,10,well,0.0127
Metal,11,sound,0.0127
Metal,12,year,0.0126
Metal,13,check,0.0121
Metal,14,hear,0.0115
Metal,15,favorite,0.0111
Metal,16,first,0.0106
Metal,17,stuff,0.0103
Metal,18,release,0.0097
Metal,19,guy,0.009
Metal,20,yeah,0.009
hiphopheads,1,say,0.0176
hiphopheads,2,shit,0.0166
hiphopheads,3,lol,0.0146
hiphopheads,4,fuck,0.0138
hiphopheads,5,well,0.0116
hiphopheads,6,man,0.0109
hiphopheads,7,listen,0.0104
hiphopheads,8,see,0.0101
hiphopheads,9,lmao,0.0098
hiphopheads,10,year,0.0096
hiphopheads,11,beat,0.0095
hiphopheads,12,yeah,0.0093
hiphopheads,13,rap,0.0087
hiphopheads,14,rapper,0.0086
hiphopheads,15,sound,0.0086
hiphopheads,16,love,0.0086
hiphopheads,17,bad,0.0084
hiphopheads,18,hear,0.008
hiphopheads,19,come,0.0079
hiphopheads,20,feel,0.0078
indieheads,1,love,0.0195
indieheads,2,listen,0.0152
indieheads,3,see,0.0131
indieheads,4,new,0.013
indieheads,5,well,0.0123
indieheads,6,great,0.0122
indieheads,7,year,0.0122
indieheads,8,thank,0.0118
indieheads,9,feel,0.0117
indieheads,10,favorite,0.0109
indieheads,11,say,0.0105
indieheads,12,sound,0.0102
indieheads,13,come,0.0097
indieheads,14,hear,0.0095
indieheads,15,first,0.0089
indieheads,16,lot,0.0087
indieheads,17,yeah,0.0084
indieheads,18,thing,0.0083
indieheads,19,pretty,0.0083
indieheads,20,record,0.008
popheads,1,love,0.0187
popheads,2,say,0.0149
popheads,3,well,0.0135
popheads,4,see,0.0123
popheads,5,feel,0.0115
popheads,6,pop,0.011
popheads,7,year,0.011
popheads,8,lol,0.0106
popheads,9,come,0.0097
popheads,10,listen,0.0094
popheads,11,want,0.0088
popheads,12,sound,0.0085
popheads,13,bad,0.0084
popheads,14,thing,0.0083
popheads,15,never,0.0082
popheads,16,taylor,0.0082
popheads,17,video,0.008
popheads,18,release,0.0079
popheads,19,mean,0.0079
popheads,20,look,0.0079
